{"const": 0.0, "avg_qbr_3weeks": 0.1077942971888775, "avg_yds_3weeks": 0.02548790536759162, "avg_pts_3weeks": -0.06769969571681239, "yds_ratio": 0.0, "qbr_ratio": 0.0, "pts_ratio": 0.0, "lag1_fantasy_pts": 0.0, "lag2_fantasy_pts": 0.0, "lag1_qbr": -0.0323376026967888, "lag2_qbr": -0.03858983648505408, "lag1_yds": 0.013943820598551199, "lag2_yds": 0.014197179892099168}