{"const": 0.7150250155755331, "log1p_lag1_yds": 0.17768110250717967, "log1p_lag2_yds": -0.0010537013303890965, "log1p_lag1_fantasy_pts": 0.18620365316304266, "log1p_lag2_fantasy_pts": 0.054606415860543996, "log1p_avg_tds_3weeks": -0.21021042709558402, "log1p_avg_yds_3weeks": -0.006819962604724016, "log1p_avg_pts_3weeks": 0.19238655807201274, "td_ratio": -0.07521850237932394, "yds_ratio": -0.3288350961110574, "pts_ratio": 0.0, "lag1_tds": 0.0, "lag2_tds": 0.0}