{"const": 0.33697164024979903, "log1p_lag1_yds": 0.1308206925883579, "log1p_lag2_yds": 0.030591663691906485, "log1p_lag1_fantasy_pts": 0.12085740262294989, "log1p_lag2_fantasy_pts": -0.0047242615676273275, "log1p_avg_tds_3weeks": 0.8775577188274626, "log1p_avg_yds_3weeks": 0.004668505075733607, "log1p_avg_pts_3weeks": 0.1400540999502769, "td_ratio": -0.16218694683189264, "yds_ratio": -0.04041701489012791, "pts_ratio": 0.0, "lag1_tds": 0.04214429727694715, "lag2_tds": -0.08460843385278495}